<?xml version="1.0" encoding="UTF-8"?>

<!--+
	| Application context containing beans helpful for debugging.
	+-->

<beans xmlns="http://www.springframework.org/schema/beans" xmlns:xsi="http://www.w3.org/2001/XMLSchema-instance"
       xsi:schemaLocation="http://www.springframework.org/schema/beans http://www.springframework.org/schema/beans/spring-beans-2.5.xsd" default-lazy-init="true">

  <bean id="ldapAuthenticatorProxy" class="org.springframework.aop.framework.ProxyFactoryBean">
    <property name="proxyInterfaces">
      <value>org.springframework.security.ldap.authentication.LdapAuthenticator</value>
    </property>
    <property name="target">
      <ref bean="authenticator" />
    </property>
    <property name="interceptorNames">
      <list>
        <value>loggingAdvisor</value>
      </list>
    </property>
  </bean>

  <bean id="loggingAdvisor" class="org.springframework.aop.support.RegexpMethodPointcutAdvisor">
    <property name="advice">
      <ref bean="loggingInterceptor" />
    </property>
    <property name="pattern">
      <value>.*</value>
    </property>
  </bean>

  <bean id="loggingInterceptor" class="org.pentaho.platform.engine.security.LoggingInterceptor" />

</beans>