<?xml version="1.0" encoding="UTF-8"?>
<!--===========================================================================
HITACHI VANTARA PROPRIETARY AND CONFIDENTIAL

Copyright 2002 - 2017 Hitachi Vantara. All rights reserved.

NOTICE: All information including source code contained herein is, and
remains the sole property of Hitachi Vantara and its licensors. The intellectual
and technical concepts contained herein are proprietary and confidential
to, and are trade secrets of Hitachi Vantara and may be covered by U.S. and foreign
patents, or patents in process, and are protected by trade secret and
copyright laws. The receipt or possession of this source code and/or related
information does not convey or imply any rights to reproduce, disclose or
distribute its contents, or to manufacture, use, or sell anything that it
may describe, in whole or in part. Any reproduction, modification, distribution,
or public display of this information without the express written authorization
from Hitachi Vantara is strictly prohibited and in violation of applicable laws and
international treaties. Access to the source code contained herein is strictly
prohibited to anyone except those individuals and entities who have executed
confidentiality and non-disclosure agreements or other agreements with Hitachi Vantara,
explicitly covering such access.
============================================================================-->
<beans xmlns="http://www.springframework.org/schema/beans"
	   xmlns:xsi="http://www.w3.org/2001/XMLSchema-instance"
	   xmlns:util="http://www.springframework.org/schema/util"
	   xmlns:sec="http://www.springframework.org/schema/security"
	   xmlns:pen="http://www.pentaho.com/schema/pentaho-system"
	   xsi:schemaLocation="http://www.springframework.org/schema/beans http://www.springframework.org/schema/beans/spring-beans-4.3.xsd
                           http://www.springframework.org/schema/util http://www.springframework.org/schema/util/spring-util-4.1.xsd
                           http://www.springframework.org/schema/security http://www.springframework.org/schema/security/spring-security-4.1.xsd
                           http://www.pentaho.com/schema/pentaho-system http://www.pentaho.com/schema/pentaho-system.xsd"
	   default-lazy-init="true">


	<!-- ======================== FILTER CHAIN ======================= -->

	<!-- overridden from applicationContext-spring-security.xml to enable CAS -->
	<bean id="filterChainProxy" class="org.springframework.security.web.FilterChainProxy">
		<constructor-arg>
			<util:list>
				<!--
				 	You can safely remove the first pattern starting with /content/dashboards/print, if you're not using
				 	Enterprise Dashboards or not allowing printing of Dashboards,
				 -->
				<sec:filter-chain pattern="/api/repos/dashboards/print" filters="securityContextHolderAwareRequestFilter,httpSessionPentahoSessionContextIntegrationFilter,httpSessionContextIntegrationFilter,preAuthenticatedSecurityFilter,httpSessionReuseDetectionFilter,logoutFilter,casProcessingFilter,basicProcessingFilter,requestParameterProcessingFilter,anonymousProcessingFilter,exceptionTranslationFilter,filterInvocationInterceptor" />
				<sec:filter-chain pattern="/webservices/**" filters="securityContextHolderAwareRequestFilterForWS,httpSessionPentahoSessionContextIntegrationFilter,httpSessionContextIntegrationFilter,casProcessingFilter,basicProcessingFilter,anonymousProcessingFilter,exceptionTranslationFilterForWS,filterInvocationInterceptorForWS" />
				<sec:filter-chain pattern="/api/**" filters="securityContextHolderAwareRequestFilterForWS,httpSessionPentahoSessionContextIntegrationFilter,httpSessionContextIntegrationFilter,casProcessingFilter,basicProcessingFilter,requestParameterProcessingFilter,anonymousProcessingFilter,exceptionTranslationFilterForWS,filterInvocationInterceptorForWS" />
				<sec:filter-chain pattern="/plugin/**" filters="securityContextHolderAwareRequestFilterForWS,httpSessionPentahoSessionContextIntegrationFilter,httpSessionContextIntegrationFilter,casProcessingFilter,basicProcessingFilter,requestParameterProcessingFilter,anonymousProcessingFilter,exceptionTranslationFilterForWS,filterInvocationInterceptorForWS" />
				<sec:filter-chain pattern="/**" filters="securityContextHolderAwareRequestFilter,httpSessionPentahoSessionContextIntegrationFilter,httpSessionContextIntegrationFilter,httpSessionReuseDetectionFilter,logoutFilter,casProcessingFilter,basicProcessingFilter,requestParameterProcessingFilter,anonymousProcessingFilter,exceptionTranslationFilter,filterInvocationInterceptor" />
			</util:list>
		</constructor-arg>

	</bean>

	

		<!-- ======================== FILTER CHAIN WITH SIGNOUT ======================= -->
	<!-- 
        <bean id="filterChainProxy" class="org.springframework.security.web.FilterChainProxy">
		<constructor-arg>
			<util:list>
                <sec:filter-chain pattern="/api/repos/dashboards/print" filters="securityContextHolderAwareRequestFilter,httpSessionPentahoSessionContextIntegrationFilter,httpSessionContextIntegrationFilter,preAuthenticatedSecurityFilter,httpSessionReuseDetectionFilter,logoutFilter,casProcessingFilter,basicProcessingFilter,requestParameterProcessingFilter,anonymousProcessingFilter,exceptionTranslationFilter,filterInvocationInterceptor" />
                <sec:filter-chain pattern="/webservices/**" filters="securityContextHolderAwareRequestFilterForWS,httpSessionPentahoSessionContextIntegrationFilter,httpSessionContextIntegrationFilter,casProcessingFilter,basicProcessingFilter,anonymousProcessingFilter,exceptionTranslationFilterForWS,filterInvocationInterceptorForWS" />
                <sec:filter-chain pattern="/api/**" filters="securityContextHolderAwareRequestFilterForWS,httpSessionPentahoSessionContextIntegrationFilter,httpSessionContextIntegrationFilter,casProcessingFilter,basicProcessingFilter,requestParameterProcessingFilter,anonymousProcessingFilter,exceptionTranslationFilterForWS,filterInvocationInterceptorForWS" />
                <sec:filter-chain pattern="/plugin/**" filters="securityContextHolderAwareRequestFilterForWS,httpSessionPentahoSessionContextIntegrationFilter,httpSessionContextIntegrationFilter,casProcessingFilter,basicProcessingFilter,requestParameterProcessingFilter,anonymousProcessingFilter,exceptionTranslationFilterForWS,filterInvocationInterceptorForWS" />
                <sec:filter-chain pattern="/**" filters="securityContextHolderAwareRequestFilter,httpSessionPentahoSessionContextIntegrationFilter,httpSessionContextIntegrationFilter,httpSessionReuseDetectionFilter,logoutFilter,casProcessingFilter,basicProcessingFilter,requestParameterProcessingFilter,anonymousProcessingFilter,exceptionTranslationFilter,filterInvocationInterceptor" />
            </util:list>
        </constructor-arg>

        </bean>
        <bean id="casSingleSignOutFilter" class="org.jasig.cas.client.session.SingleSignOutFilter"/>
	 -->

	<bean id="basicProcessingFilterEntryPoint"
		  class="org.springframework.security.cas.web.CasAuthenticationEntryPoint">
		<property name="loginUrl"
				  value="https://localhost:8443/cas/login" />
		<property name="serviceProperties">
			<ref bean="serviceProperties" />
		</property>
	</bean>

	<bean id="httpSessionPentahoSessionContextIntegrationFilter"
		  class="org.pentaho.platform.web.http.filters.HttpSessionPentahoSessionIntegrationFilter" >
		<property name="ssoEnabled" value="true" />
	</bean>


	<!-- ===================== HTTP REQUEST SECURITY ==================== -->

	<bean id="serviceProperties"
		class="org.springframework.security.cas.ServiceProperties">
		<property name="service"
			value="http://localhost:8080/pentaho/j_spring_cas_security_check" />
		<property name="sendRenew" value="false" />
	</bean>

	<!-- replaces authenticationProcessingFilter in filterChainProxy above -->
	<bean id="casProcessingFilter"
		  class="org.springframework.security.cas.web.CasAuthenticationFilter">
		<property name="authenticationManager">
			<ref bean="authenticationManager" />
		</property>
		<property name="authenticationFailureHandler">
			<bean class="org.springframework.security.web.authentication.SimpleUrlAuthenticationFailureHandler">
				<constructor-arg value="/casFailed" />
			</bean>
		</property>
		<!--<property name="authenticationFailureUrl" value="" /> -->
		<property name="authenticationSuccessHandler">
			<bean class="org.springframework.security.web.authentication.SavedRequestAwareAuthenticationSuccessHandler">
				<property name="defaultTargetUrl" value="/Home" />
			</bean>
		</property>
		<!--<property name="defaultTargetUrl" value="/" /> -->
		<property name="filterProcessesUrl"
				  value="/j_spring_cas_security_check" />
	</bean>

	<!-- overridden from applicationContext-spring-security.xml -->
	<bean id="exceptionTranslationFilter" class="org.springframework.security.web.access.ExceptionTranslationFilter">
		<constructor-arg ref="casProcessingFilterEntryPoint"/>
		<property name="accessDeniedHandler">
			<bean class="org.springframework.security.web.access.AccessDeniedHandlerImpl" />
		</property>
	</bean>

	<bean id="casProcessingFilterEntryPoint"
		class="org.springframework.security.cas.web.CasAuthenticationEntryPoint">
		<property name="loginUrl"
			value="https://localhost:8443/cas/login" />
		<property name="serviceProperties">
			<ref bean="serviceProperties" />
		</property>
	</bean>


	<bean id="defaultAuthenticationEventPublisher" class="org.springframework.security.authentication.DefaultAuthenticationEventPublisher">
	</bean>

	<bean id="authenticationManager" class="org.springframework.security.authentication.ProviderManager">
		<constructor-arg>
			<util:list>
				<ref bean="casAuthenticationProvider"/>
				<ref bean="anonymousAuthenticationProvider"/>
			</util:list>
		</constructor-arg>
		<property name="authenticationEventPublisher">
			<ref bean="defaultAuthenticationEventPublisher" />
		</property>
	</bean>



	<bean id="casAuthenticationProvider"
		class="org.springframework.security.cas.authentication.CasAuthenticationProvider">
		<property name="userDetailsService">
			<ref bean="userDetailsService" />
		</property>
                <property name="serviceProperties">
                        <ref bean="serviceProperties" />
                </property>
		<property name="ticketValidator">
			<ref bean="ticketValidator" />
		</property>
		<property name="key"
			value="my_password_for_this_auth_provider_only" />
     	        <pen:publish as-type="INTERFACES">
	                <pen:attributes>
	                     <pen:attr key="providerName" value="cas"/>
	                </pen:attributes>
	        </pen:publish>			
	</bean>

	<bean id="ticketValidator"
		class="org.jasig.cas.client.validation.Cas20ServiceTicketValidator">
    <constructor-arg index="0" value="https://localhost:8443/cas" />
	</bean>

	<!-- overridden from applicationContext-spring-security.xml to specify logoutSuccessUrl as CAS logout page -->
	<bean id="logoutFilter"
		class="org.springframework.security.web.authentication.logout.LogoutFilter">
		<constructor-arg
			value="https://localhost:8443/cas/logout?url=http://localhost:8080/pentaho/index.jsp" />
		<!-- URL redirected to after logout -->
		<constructor-arg>
			<list>
				<bean
					class="org.pentaho.platform.web.http.security.PentahoLogoutHandler" />
				<bean
					class="org.springframework.security.web.authentication.logout.SecurityContextLogoutHandler" />
			</list>
		</constructor-arg>
		<property name="filterProcessesUrl" value="/Logout" />
	</bean>

</beans>