<?xml version="1.0" encoding="UTF-8"?>

<beans xmlns="http://www.springframework.org/schema/beans" 
       xmlns:xsi="http://www.w3.org/2001/XMLSchema-instance"
       xmlns:util="http://www.springframework.org/schema/util"
       xmlns:sec="http://www.springframework.org/schema/security"
       xmlns:pen="http://www.pentaho.com/schema/pentaho-system"
       xsi:schemaLocation="http://www.springframework.org/schema/beans http://www.springframework.org/schema/beans/spring-beans-4.3.xsd
                           http://www.springframework.org/schema/util http://www.springframework.org/schema/util/spring-util-4.1.xsd
                           http://www.springframework.org/schema/security http://www.springframework.org/schema/security/spring-security-4.1.xsd
                           http://www.pentaho.com/schema/pentaho-system http://www.pentaho.com/schema/pentaho-system.xsd" 
       default-lazy-init="true">
<!-- Overriding applicationContext-spring-security.xml -->
     <bean id="filterChainProxy" class="org.springframework.security.web.FilterChainProxy">
      <constructor-arg>
      <util:list>
        <!--
           overridden from applicationContext-spring-security.xml
        -->
        <sec:filter-chain pattern="/api/repos/dashboards/print" filters="securityContextHolderAwareRequestFilter,httpSessionPentahoSessionContextIntegrationFilter,httpSessionContextIntegrationFilter,preAuthenticatedSecurityFilter,httpSessionReuseDetectionFilter,logoutFilter,authenticationProcessingFilter,basicProcessingFilter,requestParameterProcessingFilter,webserviceProcessingFilter,anonymousProcessingFilter,sessionMgmtFilter,exceptionTranslationFilter,filterInvocationInterceptor" />
        <sec:filter-chain pattern="/webservices/**" filters="securityContextHolderAwareRequestFilterForWS,httpSessionPentahoSessionContextIntegrationFilter,httpSessionContextIntegrationFilter,basicProcessingFilter,webserviceProcessingFilter,anonymousProcessingFilter,sessionMgmtFilter,exceptionTranslationFilterForWS,filterInvocationInterceptorForWS" />
        <sec:filter-chain pattern="/api/repos/**" filters="securityContextHolderAwareRequestFilterForWS,httpSessionPentahoSessionContextIntegrationFilter,httpSessionContextIntegrationFilter,basicProcessingFilter,requestParameterProcessingFilter,webserviceProcessingFilter,anonymousProcessingFilter,sessionMgmtFilter,exceptionTranslationFilter,filterInvocationInterceptorForWS,preFlightFilter" />
        <sec:filter-chain pattern="/api/**" filters="securityContextHolderAwareRequestFilterForWS,httpSessionPentahoSessionContextIntegrationFilter,httpSessionContextIntegrationFilter,basicProcessingFilter,requestParameterProcessingFilter,webserviceProcessingFilter,anonymousProcessingFilter,sessionMgmtFilter,exceptionTranslationFilterForWS,filterInvocationInterceptorForWS" />
        <sec:filter-chain pattern="/plugin/reporting/api/jobs/**" filters="securityContextHolderAwareRequestFilterForWS,httpSessionPentahoSessionContextIntegrationFilter,httpSessionContextIntegrationFilter,basicProcessingFilter,requestParameterProcessingFilter,webserviceProcessingFilter,anonymousProcessingFilter,sessionMgmtFilter,exceptionTranslationFilterForWS,filterInvocationInterceptorForWS,preFlightFilter" />
        <sec:filter-chain pattern="/plugin/**" filters="securityContextHolderAwareRequestFilterForWS,httpSessionPentahoSessionContextIntegrationFilter,httpSessionContextIntegrationFilter,basicProcessingFilter,requestParameterProcessingFilter,webserviceProcessingFilter,anonymousProcessingFilter,sessionMgmtFilter,exceptionTranslationFilterForWS,filterInvocationInterceptorForWS" />
        <sec:filter-chain pattern="/**" filters="securityContextHolderAwareRequestFilter,httpSessionPentahoSessionContextIntegrationFilter,httpSessionContextIntegrationFilter,httpSessionReuseDetectionFilter,logoutFilter,authenticationProcessingFilter,basicProcessingFilter,requestParameterProcessingFilter,webserviceProcessingFilter,anonymousProcessingFilter,sessionMgmtFilter,exceptionTranslationFilter,filterInvocationInterceptor" />
      </util:list>
      </constructor-arg>
     </bean>
  
     <bean id="authenticationManager" class="org.springframework.security.authentication.ProviderManager">
      <constructor-arg>
      <util:list>
        <pen:bean class="org.springframework.security.authentication.AuthenticationProvider"/>
		<ref bean="webserviceAuthenticationProvider" />
      </util:list>
      </constructor-arg>
    </bean>
  
    <bean id="httpSessionPentahoSessionContextIntegrationFilter"
        class="org.pentaho.platform.web.http.filters.HttpSessionPentahoSessionIntegrationFilter" >
		<property name="ssoEnabled" value="true" />
	</bean>
	
	<bean id="httpRequestAccessDecisionManager" class="org.springframework.security.access.vote.AffirmativeBased">
    <constructor-arg>
      <util:list>
        <ref bean="roleVoter" />
      </util:list>
    </constructor-arg>
    <property name="allowIfAllAbstainDecisions" value="false" />
    </bean>
  
    <bean id="exceptionTranslationFilterForWS" class="org.springframework.security.web.access.ExceptionTranslationFilter">
    <constructor-arg ref="webserviceProcessingFilterEntryPoint"/>
    <property name="accessDeniedHandler">
      <bean class="org.springframework.security.web.access.AccessDeniedHandlerImpl" />
    </property>
  </bean>
  
 <!-- filterInvocationInterceptorForWS to allow wsdl -->
 <bean id="filterInvocationInterceptorForWS" class="org.springframework.security.web.access.intercept.FilterSecurityInterceptor">
    <property name="authenticationManager" ref="authenticationManager" />
    <property name="accessDecisionManager" ref="httpRequestAccessDecisionManager" />
    <!-- allow anyone to see the wsdl of various services -->
    <property name="securityMetadataSource">
      <!-- http://stackoverflow.com/questions/30099851/spring-security-samples-preauth-xml-example-fails-to-run#answer-30105317 -->
      <sec:filter-security-metadata-source request-matcher="ciRegex" use-expressions="false">
        <sec:intercept-url pattern="\A/webservices/unifiedrepository\?wsdl.*\Z" access="Anonymous,Authenticated" />
        <sec:intercept-url pattern="\A/webservices/userrolelistservice\?wsdl.*\Z" access="Anonymous,Authenticated" />
        <sec:intercept-url pattern="\A/webservices/userroleservice\?wsdl.*\Z" access="Anonymous,Authenticated" />
        <sec:intercept-url pattern="\A/webservices/authorizationpolicy\?wsdl.*\Z" access="Anonymous,Authenticated" />
        <sec:intercept-url pattern="\A/webservices/rolebindingdao\?wsdl.*\Z" access="Anonymous,Authenticated" />
        <sec:intercept-url pattern="\A/webservices/scheduler\?wsdl.*\Z" access="Anonymous,Authenticated" />
        <sec:intercept-url pattern="\A/webservices/repositorysync\?wsdl.*\Z" access="Anonymous,Authenticated" />
        <sec:intercept-url pattern="\A/webservices/datasourcemgmtservice\?wsdl.*\Z" access="Anonymous,Authenticated" />
        <sec:intercept-url pattern="\A/webservices/.*\Z" access="Authenticated" />
        <sec:intercept-url pattern="\A/plugin/reporting/api/jobs/.*\Z" access="Anonymous,Authenticated" method="OPTIONS" />
        <sec:intercept-url pattern="\A/plugin/reporting/api/jobs/.*\Z" access="Anonymous,Authenticated" method="HEAD" />
        <sec:intercept-url pattern="\A/api/repos/.*\Z" access="Anonymous,Authenticated" method="OPTIONS" />
        <sec:intercept-url pattern="\A/api/repos/.*\Z" access="Anonymous,Authenticated" method="HEAD" />
        <sec:intercept-url pattern="\A/api/.*require-cfg.js.*\Z" access="Anonymous,Authenticated" />
        <sec:intercept-url pattern="\A/api/.*require-js-cfg.js.*\Z" access="Anonymous,Authenticated" />
        <sec:intercept-url pattern="\A/api/.*\Z" access="Authenticated" />
        <sec:intercept-url pattern="\A/plugin/.*\Z" access="Authenticated" />
      </sec:filter-security-metadata-source>
    </property>
  </bean>
<!-- Overriding applicationContext-spring-security.xml -->  

<!-- Custom Filters and Providers -->

	<bean id="webserviceProcessingFilter" class="org.pentaho.sdk.platform.engine.security.sso.WebServiceProcessingFilter">
		<property name="authenticationManager">
			<ref bean="authenticationManager"></ref>
		</property>
		<property name="authenticationEntryPoint">
			<ref bean="webserviceProcessingFilterEntryPoint"></ref>
		</property>
		<property name="lenient" value="false"></property>
	</bean>

	<bean id="webserviceProcessingFilterEntryPoint" class="org.pentaho.sdk.platform.engine.security.sso.WebServiceProcessingFilterEntryPoint"></bean>
		
	<bean id="webserviceAuthenticationProvider" class="org.pentaho.sdk.platform.engine.security.sso.WebServiceAuthenticationProvider">
		   <property name="serviceURL" value="http://10.0.10.12:8080/SSOService.svc?wsdl" />               		
	</bean>
</beans>
