<?xml version="1.0" encoding="UTF-8"?>
<!--===========================================================================
HITACHI VANTARA PROPRIETARY AND CONFIDENTIAL

Copyright 2002 - 2017 Hitachi Vantara. All rights reserved.

NOTICE: All information including source code contained herein is, and
remains the sole property of Hitachi Vantara and its licensors. The intellectual
and technical concepts contained herein are proprietary and confidential
to, and are trade secrets of Hitachi Vantara and may be covered by U.S. and foreign
patents, or patents in process, and are protected by trade secret and
copyright laws. The receipt or possession of this source code and/or related
information does not convey or imply any rights to reproduce, disclose or
distribute its contents, or to manufacture, use, or sell anything that it
may describe, in whole or in part. Any reproduction, modification, distribution,
or public display of this information without the express written authorization
from Hitachi Vantara is strictly prohibited and in violation of applicable laws and
international treaties. Access to the source code contained herein is strictly
prohibited to anyone except those individuals and entities who have executed
confidentiality and non-disclosure agreements or other agreements with Hitachi Vantara,
explicitly covering such access.
============================================================================-->
<!--
  This is the spring configuration file that is used to wire system listeners into the Pentaho BI Platform. System
  listeners are notified when the platform starts up and shuts down. System listeners can be added, removed, and
  initialized here. Each bean in the list is a system listener. You can intialize any listeners properties, as shown
  in the QuartzSystemListener and VersionCheckSystemListener.
-->
<beans xmlns="http://www.springframework.org/schema/beans" xmlns:xsi="http://www.w3.org/2001/XMLSchema-instance"
       xsi:schemaLocation="http://www.springframework.org/schema/beans http://www.springframework.org/schema/beans/spring-beans-2.5.xsd" default-lazy-init="true">
  <bean id="systemListenersList" class="java.util.ArrayList">
    <constructor-arg>
      <list>
        <bean id="osgiListener" class="org.pentaho.platform.osgi.OSGIBoot"/>
        <bean id="kettleSystemListener" class="org.pentaho.platform.plugin.action.kettle.KettleSystemListener" />
        <bean id="pluginSystemListener" class="org.pentaho.platform.plugin.services.pluginmgr.PluginAdapter" />
        <bean class="org.pentaho.platform.plugin.services.security.userrole.SecuritySystemListener"/>
        <bean id="backingRepositoryLifecycleManagerSystemListener" class="org.pentaho.platform.repository2.unified.BackingRepositoryLifecycleManagerSystemListener"/>
        <bean id="jfreeReportSystemListener" class="org.pentaho.platform.plugin.action.jfreereport.JFreeReportSystemListener" />
        <bean id="mondrianSystemListener" class="org.pentaho.platform.plugin.action.mondrian.MondrianSystemListener" />

        <!--<bean id="pooledDataSourceSystemListener" class="org.pentaho.platform.engine.services.connection.datasource.dbcp.PooledDatasourceSystemListener" />-->
        <bean id="dynamicallyPooledDataSourceSystemListener" class="org.pentaho.platform.engine.services.connection.datasource.dbcp.DynamicallyPooledDatasourceSystemListener" />

        <!--
          <bean id="nonPooledDataSourceSystemListener"
          class="org.pentaho.platform.engine.services.connection.datasource.dbcp.NonPooledDatasourceSystemListener"/>
        -->
        <bean id="chartingSystemListener" class="org.pentaho.platform.plugin.action.chartbeans.ChartBeansSystemListener" />
        <bean id="loadDriversListener" class="org.pentaho.commons.system.LoadDriversListener" />
        <bean id = "olap4jSystemListener" class="org.pentaho.platform.plugin.action.olap.Olap4jSystemListener">
          <property name="olap4jConnectionList" ref="olap4jConnectionList"/>
          <property name="olap4jConnectionRemoveList" ref="olap4jConnectionRemoveList"/>
        </bean>
        <bean id="quartzSystemListener" class="org.pentaho.platform.scheduler2.quartz.StandaloneQuartzSystemListener" />
        <bean id="auditReportingSystemListener" class="com.pentaho.repository.audit.AuditReportingSystemListener" />
        <bean id="versionCheckerSystemListener" class="org.pentaho.platform.scheduler2.versionchecker.EmbeddedVersionCheckSystemListener">
          <property name="repeatIntervalSeconds">
            <value>86400</value>
          </property>
          <property name="requestedReleases" value="Minor, GA" />
          <property name="disableVersionCheck">
            <value>false</value>
          </property>
        </bean>
        <bean id="defaultContentSystemListener" class="org.pentaho.platform.plugin.action.defaultcontent.DefaultContentSystemListener" />
      </list>
    </constructor-arg>
  </bean>
</beans>